prefecture,corporation_name,school_name,domain_url,url_type,confidence,notes
東京都,日本教育財団,東京モード学園,https://www.mode.ac.jp/tokyo,school,0.95,Mode brand uses mode.ac.jp rather than the NKZ corporation portal.
東京都,日本教育財団,東京モード学園,https://www.nkz.ac.jp/clginfo/tm/tmZ-studyspt_13.html,disclosure,0.98,NKZ disclosure page embeds the Mode target-form PDF; keep above brand homepage for bounded canaries.
大阪府,日本教育財団,大阪モード学園,https://www.mode.ac.jp/osaka,school,0.95,Mode brand uses mode.ac.jp rather than the NKZ corporation portal.
大阪府,日本教育財団,大阪モード学園,https://www.nkz.ac.jp/clginfo/om/omZ-studyspt_13.html,disclosure,0.98,NKZ disclosure page lists fiscal-year target-form PDFs including 2025.
愛知県,日本教育財団,名古屋モード学園,https://www.mode.ac.jp/nagoya,school,0.95,Mode brand uses mode.ac.jp rather than the NKZ corporation portal.
愛知県,日本教育財団,名古屋モード学園,https://www.nkz.ac.jp/clginfo/nm/nmZ-studyspt_13.html,disclosure,0.98,NKZ disclosure page embeds the Mode target-form PDF; keep above brand homepage for bounded canaries.
東京都,日本教育財団,HAL東京,https://www.hal.ac.jp/tokyo,school,0.95,HAL brand uses hal.ac.jp rather than the NKZ corporation portal.
東京都,日本教育財団,HAL東京,https://www.nkz.ac.jp/clginfo/thinfo.html,disclosure,0.98,NKZ disclosure index links to the HAL Tokyo target-form subpage.
大阪府,日本教育財団,HAL大阪,https://www.hal.ac.jp/osaka,school,0.95,HAL brand uses hal.ac.jp rather than the NKZ corporation portal.
大阪府,日本教育財団,HAL大阪,https://www.nkz.ac.jp/clginfo/ohinfo.html,disclosure,0.98,NKZ disclosure index links to the HAL Osaka target-form subpage.
愛知県,日本教育財団,HAL名古屋,https://www.hal.ac.jp/nagoya,school,0.95,HAL brand uses hal.ac.jp rather than the NKZ corporation portal.
愛知県,日本教育財団,HAL名古屋,https://www.nkz.ac.jp/clginfo/nhinfo.html,disclosure,0.98,NKZ disclosure index links to the HAL Nagoya target-form subpage.
東京都,日本教育財団,首都医校,https://www.iko.ac.jp/tokyo,school,0.95,Iko brand uses iko.ac.jp rather than the NKZ corporation portal.
東京都,日本教育財団,首都医校,https://www.nkz.ac.jp/clginfo/siinfo.html,disclosure,0.98,NKZ disclosure index links to the Shuto Iko target-form subpage.
大阪府,日本教育財団,大阪医専,https://www.iko.ac.jp/osaka,school,0.95,Iko brand uses iko.ac.jp rather than the NKZ corporation portal.
大阪府,日本教育財団,大阪医専,https://www.nkz.ac.jp/clginfo/oiinfo.html,disclosure,0.98,NKZ disclosure index links to the Osaka Iko target-form subpage.
愛知県,日本教育財団,名古屋医専,https://www.iko.ac.jp/nagoya,school,0.95,Iko brand uses iko.ac.jp rather than the NKZ corporation portal.
愛知県,日本教育財団,名古屋医専,https://www.nkz.ac.jp/clginfo/niinfo.html,disclosure,0.98,NKZ disclosure index links to the Nagoya Iko target-form subpage.
千葉県,三幸学園,千葉医療秘書&IT専門学校,https://www.sanko.ac.jp/chiba-med/,school,0.95,Sanko exact school site; live title matched on 2026-05-18.
兵庫県,三幸学園,神戸元町医療秘書専門学校,https://www.sanko.ac.jp/kobe-med/,school,0.95,Sanko exact school site; live title matched on 2026-05-18.
福岡県,三幸学園,福岡医療秘書福祉専門学校,https://www.sanko.ac.jp/fukuoka-med/,school,0.95,Sanko exact school site; live title matched on 2026-05-18.
埼玉県,三幸学園,大宮みらいAIアンドIT専門学校,https://www.sanko.ac.jp/omiya-ai/,school,0.95,Sanko exact school site; live title matched on 2026-05-18.
東京都,三幸学園,東京みらいAIアンドIT専門学校,https://www.sanko.ac.jp/tokyo-ai/,school,0.95,Sanko exact school site; live title matched on 2026-05-18.
沖縄県,三幸学園,沖縄みらいAIアンドIT専門学校,https://www.sanko.ac.jp/okinawa-ai/,school,0.95,Sanko exact school site; live title matched on 2026-05-18.
千葉県,三幸学園,千葉リゾート＆スポーツ専門学校,https://www.sanko.ac.jp/chiba-sports/,school,0.95,Sanko exact school site; live title matched on 2026-05-18.
福岡県,三幸学園,福岡リゾート＆スポーツ専門学校,https://www.sanko.ac.jp/fukuoka-sports/,school,0.95,Sanko exact school site; live title matched on 2026-05-18.
北海道,三幸学園,札幌ビューティアート専門学校,https://www.sanko.ac.jp/sapporo-beauty/,school,0.95,Sanko exact school site; live title matched on 2026-05-18.
埼玉県,三幸学園,大宮ビューティ＆ブライダル専門学校,https://www.sanko.ac.jp/omiya-beauty/,school,0.95,Sanko exact school site; live title matched on 2026-05-18.
千葉県,三幸学園,千葉ビューティ＆ブライダル専門学校,https://www.sanko.ac.jp/chiba-beauty/,school,0.95,Sanko exact school site; live title matched on 2026-05-18.
東京都,三幸学園,東京ビューティアート専門学校,https://www.sanko.ac.jp/tokyo-beauty/,school,0.95,Sanko exact school site; live title matched on 2026-05-18.
神奈川県,三幸学園,横浜ビューティアート専門学校,https://www.sanko.ac.jp/yokohama-beauty/,school,0.95,Sanko exact school site; live title matched on 2026-05-18.
愛知県,三幸学園,名古屋ビューティアート専門学校,https://www.sanko.ac.jp/nagoya-beauty/,school,0.95,Sanko exact school site; live title matched on 2026-05-18.
大阪府,三幸学園,大阪ビューティアート専門学校,https://www.sanko.ac.jp/osaka-beauty/,school,0.95,Sanko exact school site; live title matched on 2026-05-18.
広島県,三幸学園,広島ビューティ＆ブライダル専門学校,https://www.sanko.ac.jp/hiroshima-beauty/,school,0.95,Sanko exact school site; live title matched on 2026-05-18.
福岡県,三幸学園,福岡ビューティアート専門学校,https://www.sanko.ac.jp/fukuoka-beauty/,school,0.95,Sanko exact school site; live title matched on 2026-05-18.
沖縄県,三幸学園,沖縄ビューティ＆ブライダル専門学校,https://www.sanko.ac.jp/okinawa-beauty/,school,0.95,Sanko exact school site; live title matched on 2026-05-18.
千葉県,三幸学園,千葉こども専門学校,https://www.sanko.ac.jp/chiba-child/,school,0.95,Sanko exact school site; live title matched on 2026-05-18.
兵庫県,三幸学園,神戸元町こども専門学校,https://www.sanko.ac.jp/kobe-child/,school,0.95,Sanko exact school site; live title matched on 2026-05-18.
福岡県,三幸学園,福岡こども専門学校,https://www.sanko.ac.jp/fukuoka-child/,school,0.95,Sanko exact school site; live title matched on 2026-05-18.
福岡県,三幸学園,福岡ウェディング＆ブライダル専門学校,https://www.sanko.ac.jp/fukuoka-bridal/,school,0.95,Sanko exact school site; live title matched on 2026-05-18.
大阪府,三幸学園,大阪ウェディング＆ブライダル専門学校,https://www.sanko.ac.jp/osaka-bridal/,school,0.95,Sanko exact school site; targeted 2025 replay downloaded and ingested target PDF on 2026-05-18.
東京都,三幸学園,東京墨田看護専門学校,https://www.sanko.ac.jp/tokyo-nurse/,school,0.95,Sanko exact school site; targeted 2025 replay downloaded and ingested target PDF on 2026-05-18.
大阪府,三幸学園,辻学園調理製菓専門学校,https://www.sanko.ac.jp/osaka-chori/,school,0.95,Sanko exact school site; targeted 2025 replay downloaded target PDF for operator review on 2026-05-18.
大阪府,三幸学園,辻学園栄養専門学校,https://www.sanko.ac.jp/osaka-eiyo/,school,0.95,Sanko exact school site; targeted 2025 replay downloaded and ingested target PDF on 2026-05-18.
福岡県,麻生塾,麻生情報ビジネス専門学校,https://asojuku.ac.jp/about/disclosure/abcc/,disclosure,0.98,ASO exact disclosure URL; targeted 2025 replay downloaded and ingested target PDF on 2026-05-19.
福岡県,麻生塾,麻生外語観光&ブライダル専門学校,https://asojuku.ac.jp/about/disclosure/aftc/,disclosure,0.98,ASO exact disclosure URL; targeted 2025 replay downloaded and ingested target PDF on 2026-05-19.
福岡県,麻生塾,麻生医療福祉&保育専門学校福岡校,https://asojuku.ac.jp/about/disclosure/amfc/,disclosure,0.98,ASO exact disclosure URL; targeted 2025 replay found target PDF on 2026-05-19.
福岡県,麻生塾,麻生建築&デザイン専門学校,https://asojuku.ac.jp/about/disclosure/aadc/,disclosure,0.98,ASO exact disclosure URL; targeted 2025 replay downloaded and ingested target PDF on 2026-05-19.
福岡県,麻生塾,麻生公務員専門学校福岡校,https://asojuku.ac.jp/about/disclosure/apfc/,disclosure,0.98,ASO exact disclosure URL; targeted 2025 replay downloaded and ingested target PDF on 2026-05-19.
福岡県,麻生塾,ASOポップカルチャー専門学校,https://asojuku.ac.jp/about/disclosure/apc/,disclosure,0.98,ASO exact disclosure URL; targeted 2025 replay downloaded and ingested target PDF on 2026-05-19.
福岡県,麻生塾,麻生美容専門学校,https://asojuku.ac.jp/about/disclosure/abc/,disclosure,0.98,ASO exact disclosure URL; targeted 2025 replay downloaded and ingested target PDF on 2026-05-19.
福岡県,麻生塾,専門学校麻生リハビリテーション大学校,https://asojuku.ac.jp/about/disclosure/arc/,disclosure,0.98,ASO exact disclosure URL; targeted 2025 replay downloaded and ingested target PDF on 2026-05-19.
福岡県,麻生塾,専門学校麻生工科自動車大学校,https://asojuku.ac.jp/about/disclosure/acet/,disclosure,0.98,ASO exact disclosure URL; targeted 2025 replay downloaded and ingested target PDF on 2026-05-19.
福岡県,麻生塾,麻生情報ビジネス専門学校北九州校,https://asojuku.ac.jp/about/disclosure/abkc/,disclosure,0.98,ASO exact disclosure URL; targeted 2025 replay downloaded and ingested target PDF on 2026-05-19.
福岡県,麻生塾,専門学校麻生医療福祉＆観光カレッジ,https://asojuku.ac.jp/about/disclosure/amtc/,disclosure,0.98,ASO exact disclosure URL; live school portal link resolves to AMTC disclosure on 2026-05-19.
福岡県,麻生塾,麻生公務員専門学校北九州校,https://asojuku.ac.jp/about/disclosure/apkc/,disclosure,0.98,ASO exact disclosure URL; targeted 2025 replay downloaded and ingested target PDF on 2026-05-19.
福岡県,麻生塾,専門学校麻生看護大学校,https://asojuku.ac.jp/about/disclosure/anc/,disclosure,0.98,ASO exact disclosure URL; targeted 2025 replay downloaded and ingested target PDF on 2026-05-19.
