pack,audit_row_id,school,school_id,page_url,pdf_url,rejection_bucket,system_suggested_decision,owner_decision,owner_notes
Pack A - suggested correct_reject,d947ab42934f6fba,school_id 3,3,https://www.nkhs.ac.jp/about/publicindex/,http://mail.nkhs.ac.jp/release/2024/HC_koukai_2024.pdf,classified_non_target,correct_reject,,
Pack A - suggested correct_reject,f7d6437ae0b7f715,school_id 12,12,https://www.nkz.ac.jp/clginfo/ni/niC-d_nursingpublichealth_13.html,https://www.nkz.ac.jp/clginfo/ni/pdf/niC-d_nursingpublichealth_13.pdf,classified_non_target,correct_reject,,
Pack A - suggested correct_reject,7ad33b7e698ea7d2,school_id 14,14,https://www.sanko.ac.jp/disclosure/sendai-med/,https://www.sanko.ac.jp/disclosure/sendai-med/enkaku.pdf,classified_non_target,correct_reject,,
Pack A - suggested correct_reject,eff0008bb6dbbfa4,school_id 26,26,https://www.sanko.ac.jp/disclosure/omiya-ai/,https://www.sanko.ac.jp/disclosure/omiya-ai/enkaku.pdf,classified_non_target,correct_reject,,
Pack A - suggested correct_reject,3cb382458707332d,school_id 3,3,https://www.nkhs.ac.jp/about/publicindex/,http://mail.nkhs.ac.jp/release/2019/nkhs_application2019.pdf,fiscal_year_mismatch,correct_reject,,
Pack A - suggested correct_reject,c5d11e711cf6a18d,school_id 5,5,https://www.nkz.ac.jp/clginfo/om/omZ-studyspt_13.html,https://www.nkz.ac.jp/clginfo/om/pdf/omZ-studyspt_13_19.pdf,fiscal_year_mismatch,correct_reject,,
Pack A - suggested correct_reject,df992e72e0e366f4,school_id 8,8,https://www.nkz.ac.jp/clginfo/oh/ohZ-studyspt_13.html,https://www.nkz.ac.jp/clginfo/oh/pdf/ohZ-studyspt_13_19.pdf,fiscal_year_mismatch,correct_reject,,
Pack A - suggested correct_reject,b17a21c6ee336dcf,school_id 11,11,https://www.nkz.ac.jp/clginfo/oi/oiZ-studyspt_13.html,https://www.nkz.ac.jp/clginfo/oi/pdf/oiZ-studyspt_13_19.pdf,fiscal_year_mismatch,correct_reject,,
Pack A - suggested correct_reject,384cc4a975e6b398,school_id 12,12,https://www.nkz.ac.jp/clginfo/ni/niZ-studyspt_13.html,https://www.nkz.ac.jp/clginfo/ni/pdf/niZ-studyspt_13.pdf,fiscal_year_mismatch,correct_reject,,
Pack A - suggested correct_reject,f04863211f5bfa35,school_id 13,13,https://www.sanko.ac.jp/disclosure/sapporo-med/,https://www.sanko.ac.jp/disclosure/sapporo-med/docs/yoshiki.pdf,fiscal_year_mismatch,correct_reject,,
Pack A - suggested correct_reject,f2e126bb58a1da01,school_id 14,14,https://www.sanko.ac.jp/disclosure/sendai-med/,https://www.sanko.ac.jp/disclosure/sendai-med/docs/yoshiki.pdf,fiscal_year_mismatch,correct_reject,,
Pack A - suggested correct_reject,a1fd7d974bb54106,school_id 15,15,https://www.sanko.ac.jp/disclosure/omiya-med/,https://www.sanko.ac.jp/disclosure/omiya-med/docs/yoshiki.pdf,fiscal_year_mismatch,correct_reject,,
Pack A - suggested correct_reject,41ce6f5be8cb7656,school_id 16,16,https://www.sanko.ac.jp/disclosure/chiba-med/,https://www.sanko.ac.jp/disclosure/chiba-med/docs/yoshiki.pdf,fiscal_year_mismatch,correct_reject,,
Pack A - suggested correct_reject,1e0e4e9b972f490b,school_id 17,17,https://www.sanko.ac.jp/disclosure/tokyo-fukushi/,https://www.sanko.ac.jp/tokyo-fukushi/pdf/yoshiki.pdf,fiscal_year_mismatch,correct_reject,,
Pack A - suggested correct_reject,1d1718b95989c199,school_id 18,18,https://www.sanko.ac.jp/disclosure/tokyo-med/,https://www.sanko.ac.jp/disclosure/tokyo-med/docs/yoshiki.pdf,fiscal_year_mismatch,correct_reject,,
Pack A - suggested correct_reject,2e16d212cdfc3f0a,school_id 19,19,https://www.sanko.ac.jp/disclosure/tachikawa-child/,https://www.sanko.ac.jp/disclosure/tachikawa-child/docs/yoshiki2019.pdf,fiscal_year_mismatch,correct_reject,,
Pack A - suggested correct_reject,890ca0d7454ed0a2,school_id 1,1,https://www.neec.ac.jp/portal/public/mext-scholarship/,https://www.neec.ac.jp/assets/contents/documents/portal/tuition-guide/hachioji/portal_tuition-guide_hachioji_gpa.pdf,pre_filtered_non_target_hint,correct_reject,,
Pack A - suggested correct_reject,41b0fe496d74d992,school_id 2,2,https://www.neec.ac.jp/portal/public/mext-scholarship/,https://www.neec.ac.jp/assets/contents/documents/portal/tuition-guide/hachioji/portal_tuition-guide_hachioji_gpa.pdf,pre_filtered_non_target_hint,correct_reject,,
Pack A - suggested correct_reject,f44f85bdb3ddbe5e,school_id 3,3,https://www.nkhs.ac.jp/about/publicindex/,http://mail.nkhs.ac.jp/release/2017/H29_nkhs_houkoku.pdf,pre_filtered_non_target_hint,correct_reject,,
Pack A - suggested correct_reject,bec72ddf215ab524,school_id 15,15,https://www.sanko.ac.jp/disclosure/omiya-med/,https://www.sanko.ac.jp/disclosure/omiya-med/docs/1fd2887cfc41529a1c403ddc63a6f4899a21468d.pdf,pre_filtered_non_target_hint,correct_reject,,
Pack A - suggested correct_reject,0ec110e311ebf5fa,school_id 18,18,https://www.sanko.ac.jp/disclosure/tokyo-med/,https://www.sanko.ac.jp/disclosure/tokyo-med/docs/childcare_04.pdf,pre_filtered_non_target_hint,correct_reject,,
Pack A - suggested correct_reject,d0e7003699d11129,school_id 20,20,https://www.sanko.ac.jp/disclosure/yokohama-med/,https://www.sanko.ac.jp/disclosure/yokohama-med/docs/kankeisya.pdf,pre_filtered_non_target_hint,correct_reject,,
Pack A - suggested correct_reject,9654c51f02f8d03a,school_id 40,40,https://www.sanko.ac.jp/sendai-beauty/disclosure/,https://www.sanko.ac.jp/sendai-beauty/pdf/yoshiki2021.pdf,target_fiscal_year_not_detected,correct_reject,,
Pack A - suggested correct_reject,53081162229f7ef3,school_id 44,44,https://www.sanko.ac.jp/tachikawa-beauty/disclosure/,https://www.sanko.ac.jp/tachikawa-beauty/pdf/yoshiki.pdf,target_fiscal_year_not_detected,correct_reject,,
Pack B - suggested needs_operator_review,3a0f8397307c16d4,school_id 11,11,https://www.nkz.ac.jp/clginfo/oi/oiC-d_nursingpublichealth_13.html,https://www.nkz.ac.jp/clginfo/oi/pdf/oiC-d_nursingpublichealth_13.pdf,classified_non_target,needs_operator_review,,
Pack B - suggested needs_operator_review,9e251721aa515c6b,school_id 13,13,https://www.sanko.ac.jp/disclosure/sapporo-med/,https://www.sanko.ac.jp/disclosure/sapporo-med/care_01.pdf,classified_non_target,needs_operator_review,,
Pack B - suggested needs_operator_review,f36afe0d6149df33,school_id 16,16,https://www.sanko.ac.jp/disclosure/chiba-med/,https://www.sanko.ac.jp/disclosure/chiba-med/bd5084288531bf11ed0bde63319cabe61e4d609d.pdf,classified_non_target,needs_operator_review,,
Pack B - suggested needs_operator_review,e06645c66c9ec7fa,school_id 17,17,https://www.sanko.ac.jp/disclosure/tokyo-fukushi/,https://www.sanko.ac.jp/disclosure/tokyo-fukushi/childhood_studies_03.pdf,classified_non_target,needs_operator_review,,
Pack B - suggested needs_operator_review,b9cf312d643233eb,school_id 18,18,https://www.sanko.ac.jp/disclosure/tokyo-med/,https://www.sanko.ac.jp/disclosure/tokyo-med/8ce42f9cadd6b0cbc1c4155e0b9bf3b38678ddaf.pdf,classified_non_target,needs_operator_review,,
Pack B - suggested needs_operator_review,f6127fb4fac870ec,school_id 20,20,https://www.sanko.ac.jp/disclosure/yokohama-med/,https://www.sanko.ac.jp/disclosure/yokohama-med/drug_01.pdf,classified_non_target,needs_operator_review,,
Pack B - suggested needs_operator_review,4dc3324e137772b2,school_id 21,21,https://www.sanko.ac.jp/disclosure/nagoya-med/,https://www.sanko.ac.jp/disclosure/nagoya-med/care_01.pdf,classified_non_target,needs_operator_review,,
Pack B - suggested needs_operator_review,52ea4a2b283e7bef,school_id 27,27,https://www.sanko.ac.jp/tokyo-ai/information/,https://www.sanko.ac.jp/tokyo-ai/information/1ebc0c36a3362449ae3068e9e8eee80c468d479c.pdf,classified_non_target,needs_operator_review,,
Pack B - suggested needs_operator_review,86200c2ac49b387a,school_id 13,13,https://www.sanko.ac.jp/disclosure/sapporo-med/,https://www.sanko.ac.jp/disclosure/sapporo-med/healthinfo_01.pdf,pre_filtered_non_target_hint,needs_operator_review,,
Pack B - suggested needs_operator_review,92587dfd41a0493f,school_id 14,14,https://www.sanko.ac.jp/disclosure/sendai-med/,https://www.sanko.ac.jp/disclosure/sendai-med/docs/care_01.pdf,pre_filtered_non_target_hint,needs_operator_review,,
Pack B - suggested needs_operator_review,faeea51e26705740,school_id 16,16,https://www.sanko.ac.jp/disclosure/chiba-med/,https://www.sanko.ac.jp/disclosure/chiba-med/docs/13e9921e812dd992dda6fe58de136c3be802eaff.pdf,pre_filtered_non_target_hint,needs_operator_review,,
Pack B - suggested needs_operator_review,b7fab3b4be5d26ca,school_id 17,17,https://www.sanko.ac.jp/disclosure/tokyo-fukushi/,https://www.sanko.ac.jp/disclosure/tokyo-fukushi/docs/08d452f4472b178f0fddc91b9a41eb9fe7505429.pdf,pre_filtered_non_target_hint,needs_operator_review,,
Pack B - suggested needs_operator_review,48c7bea6d0b411c5,school_id 19,19,https://www.sanko.ac.jp/disclosure/tachikawa-child/,https://www.sanko.ac.jp/disclosure/tachikawa-child/docs/08d3435687b7165d8b22b0f0e677696975b8ac6e.pdf,pre_filtered_non_target_hint,needs_operator_review,,
Pack B - suggested needs_operator_review,d1dd4a4bfcb73eec,school_id 21,21,https://www.sanko.ac.jp/disclosure/nagoya-med/,https://www.sanko.ac.jp/disclosure/nagoya-med/docs/childcare_01.pdf,pre_filtered_non_target_hint,needs_operator_review,,
Pack B - suggested needs_operator_review,cff41b0714a9200e,school_id 4,4,https://www.mode.ac.jp/tokyo,https://www.mode.ac.jp/tokyo,site_entry_fetch_identity,needs_operator_review,,
Pack B - suggested needs_operator_review,bb4da083a3ef33f6,school_id 5,5,https://www.mode.ac.jp/osaka,https://www.mode.ac.jp/osaka,site_entry_fetch_identity,needs_operator_review,,
Pack B - suggested needs_operator_review,b44dd14a9cc4f4ea,school_id 6,6,https://www.mode.ac.jp/nagoya,https://www.mode.ac.jp/nagoya,site_entry_fetch_identity,needs_operator_review,,
Pack B - suggested needs_operator_review,5cd47a3627fcae17,school_id 7,7,https://www.hal.ac.jp/tokyo,https://www.hal.ac.jp/tokyo,site_entry_fetch_identity,needs_operator_review,,
Pack B - suggested needs_operator_review,3866fd28354a97e1,school_id 8,8,https://www.hal.ac.jp/osaka,https://www.hal.ac.jp/osaka,site_entry_fetch_identity,needs_operator_review,,
Pack B - suggested needs_operator_review,0d0bc1d1fdce2dd1,school_id 9,9,https://www.hal.ac.jp/nagoya,https://www.hal.ac.jp/nagoya,site_entry_fetch_identity,needs_operator_review,,
Pack B - suggested needs_operator_review,f5d47fcd2d8aca3e,school_id 10,10,https://www.iko.ac.jp/tokyo,https://www.iko.ac.jp/tokyo,site_entry_fetch_identity,needs_operator_review,,
Pack B - suggested needs_operator_review,ca15518d6c5a6647,school_id 11,11,https://www.iko.ac.jp/osaka,https://www.iko.ac.jp/osaka,site_entry_fetch_identity,needs_operator_review,,
Pack B - suggested needs_operator_review,54fd6f6418ad0d27,school_id 12,12,https://www.iko.ac.jp/nagoya,https://www.iko.ac.jp/nagoya,site_entry_fetch_identity,needs_operator_review,,
Pack B - suggested needs_operator_review,bf12a235cd7aa235,school_id 20,20,https://www.sanko.ac.jp/disclosure/yokohama-med/,https://www.sanko.ac.jp/disclosure/yokohama-med/yoshiki2026.pdf,site_entry_fetch_identity,needs_operator_review,,
Pack B - suggested needs_operator_review,efbe9d08dc2cfba2,school_id 25,25,https://www.sanko.ac.jp/disclosure/fukuoka-med/,https://www.sanko.ac.jp/disclosure/fukuoka-med/docs/99158211b0011c77cfb13002f8106b4eb79443a6.pdf,site_entry_fetch_identity,needs_operator_review,,
Pack B - suggested needs_operator_review,3df9d0a93752f3c8,school_id 1,1,https://www.neec.ac.jp/portal/public/mext-scholarship/,https://www.neec.ac.jp/assets/contents/documents/portal/syllabus/hachioji/portal_syllabus_hachioji_yoshiki.pdf,target_fiscal_year_not_detected,needs_operator_review,,
Pack B - suggested needs_operator_review,a3873ee6a0eb300e,school_id 1,1,https://www.neec.ac.jp/portal/public/mext-scholarship/,https://www.neec.ac.jp/assets/contents/documents/portal/syllabus/kamata/portal_syllabus_kamata_yoshiki.pdf,target_fiscal_year_not_detected,needs_operator_review,,
Pack B - suggested needs_operator_review,780758ff3aec558a,school_id 2,2,https://www.neec.ac.jp/portal/public/mext-scholarship/,https://www.neec.ac.jp/assets/contents/documents/portal/syllabus/hachioji/portal_syllabus_hachioji_yoshiki.pdf,target_fiscal_year_not_detected,needs_operator_review,,
Pack B - suggested needs_operator_review,ad9beff98fd03c72,school_id 2,2,https://www.neec.ac.jp/portal/public/mext-scholarship/,https://www.neec.ac.jp/assets/contents/documents/portal/syllabus/kamata/portal_syllabus_kamata_yoshiki.pdf,target_fiscal_year_not_detected,needs_operator_review,,
